timestamp,power_w,temperature_c,memory_used_mb,memory_total_mb,utilization_gpu_percent
2026/07/28 00:05:31.196, 17.79, 36, 9, 12288, 0
2026/07/28 00:05:32.237, 17.93, 36, 9, 12288, 0
2026/07/28 00:05:33.271, 18.14, 36, 9, 12288, 0
2026/07/28 00:05:34.306, 18.25, 36, 9, 12288, 0
2026/07/28 00:05:35.342, 18.04, 36, 9, 12288, 0
2026/07/28 00:05:36.378, 18.02, 36, 9, 12288, 0
2026/07/28 00:05:37.415, 17.99, 36, 9, 12288, 0
2026/07/28 00:05:38.452, 18.29, 36, 9, 12288, 0
2026/07/28 00:05:39.488, 17.95, 36, 9, 12288, 0
2026/07/28 00:05:40.525, 18.26, 36, 9, 12288, 0
2026/07/28 00:05:41.561, 17.88, 36, 9, 12288, 0
2026/07/28 00:05:42.598, 18.02, 36, 9, 12288, 0
2026/07/28 00:05:43.634, 18.10, 36, 9, 12288, 0
2026/07/28 00:05:44.671, 18.22, 36, 9, 12288, 0
2026/07/28 00:05:45.707, 18.18, 36, 9, 12288, 0
2026/07/28 00:05:46.743, 18.29, 36, 9, 12288, 0
2026/07/28 00:05:47.778, 18.08, 36, 9, 12288, 0
2026/07/28 00:05:48.814, 18.05, 36, 9, 12288, 0
2026/07/28 00:05:49.849, 17.97, 36, 9, 12288, 0
2026/07/28 00:05:50.886, 17.85, 36, 9, 12288, 0
2026/07/28 00:05:51.922, 17.84, 36, 9, 12288, 0
2026/07/28 00:05:52.958, 17.57, 36, 9, 12288, 0
2026/07/28 00:05:53.993, 17.87, 36, 9, 12288, 0
2026/07/28 00:05:55.030, 18.12, 36, 9, 12288, 0
2026/07/28 00:05:56.065, 17.96, 36, 9, 12288, 0
2026/07/28 00:05:57.100, 18.00, 36, 9, 12288, 0
2026/07/28 00:05:58.136, 17.90, 36, 9, 12288, 0
2026/07/28 00:05:59.172, 18.03, 36, 9, 12288, 0
2026/07/28 00:06:00.207, 18.00, 36, 9, 12288, 0
2026/07/28 00:06:01.245, 18.02, 36, 9, 12288, 0
2026/07/28 00:06:02.281, 18.08, 36, 9, 12288, 0
2026/07/28 00:06:03.317, 17.96, 36, 9, 12288, 0
2026/07/28 00:06:04.354, 17.82, 36, 9, 12288, 0
2026/07/28 00:06:05.390, 17.73, 36, 9, 12288, 0
2026/07/28 00:06:06.427, 17.58, 36, 9, 12288, 0
2026/07/28 00:06:07.464, 17.94, 36, 9, 12288, 0
2026/07/28 00:06:08.499, 17.82, 36, 9, 12288, 0
2026/07/28 00:06:09.535, 17.67, 36, 9, 12288, 0
2026/07/28 00:06:10.572, 17.69, 36, 9, 12288, 0
2026/07/28 00:06:11.608, 17.73, 36, 9, 12288, 0
2026/07/28 00:06:12.644, 17.86, 36, 9, 12288, 0
2026/07/28 00:06:13.682, 17.73, 36, 9, 12288, 0
2026/07/28 00:06:14.719, 17.66, 36, 9, 12288, 0
2026/07/28 00:06:15.755, 17.69, 36, 9, 12288, 0
2026/07/28 00:06:16.792, 17.99, 36, 9, 12288, 0
2026/07/28 00:06:17.828, 17.89, 36, 9, 12288, 0
2026/07/28 00:06:18.863, 17.81, 36, 9, 12288, 0
2026/07/28 00:06:19.899, 17.81, 36, 9, 12288, 0
2026/07/28 00:06:20.936, 17.78, 36, 9, 12288, 0
2026/07/28 00:06:21.973, 17.80, 36, 9, 12288, 0
2026/07/28 00:06:23.009, 17.89, 36, 9, 12288, 0
2026/07/28 00:06:24.045, 17.84, 36, 9, 12288, 0
2026/07/28 00:06:25.080, 17.79, 36, 9, 12288, 0
2026/07/28 00:06:26.115, 17.73, 36, 9, 12288, 0
2026/07/28 00:06:27.150, 17.78, 36, 9, 12288, 0
2026/07/28 00:06:28.187, 17.63, 36, 9, 12288, 0
2026/07/28 00:06:29.224, 17.82, 36, 9, 12288, 0
2026/07/28 00:06:30.260, 17.65, 36, 9, 12288, 0
2026/07/28 00:06:31.297, 17.73, 36, 9, 12288, 0
2026/07/28 00:06:32.333, 17.61, 36, 9, 12288, 0
2026/07/28 00:06:33.369, 17.81, 36, 9, 12288, 0
2026/07/28 00:06:34.405, 17.77, 36, 9, 12288, 0
2026/07/28 00:06:35.443, 17.49, 36, 9, 12288, 0
2026/07/28 00:06:36.481, 17.98, 36, 9, 12288, 0
2026/07/28 00:06:37.517, 17.79, 36, 9, 12288, 0
2026/07/28 00:06:38.553, 17.92, 36, 9, 12288, 0
2026/07/28 00:06:39.590, 17.77, 36, 9, 12288, 0
2026/07/28 00:06:40.626, 17.81, 36, 9, 12288, 0
2026/07/28 00:06:41.664, 17.86, 36, 9, 12288, 0
2026/07/28 00:06:42.702, 17.81, 36, 9, 12288, 0
2026/07/28 00:06:43.737, 17.83, 36, 9, 12288, 0
2026/07/28 00:06:44.774, 18.06, 36, 9, 12288, 0
2026/07/28 00:06:45.811, 17.90, 36, 9, 12288, 0
2026/07/28 00:06:46.847, 18.02, 36, 9, 12288, 0
2026/07/28 00:06:47.883, 17.85, 36, 9, 12288, 0
2026/07/28 00:06:48.920, 17.77, 36, 9, 12288, 0
2026/07/28 00:06:49.957, 17.65, 36, 9, 12288, 0
2026/07/28 00:06:50.993, 17.83, 36, 9, 12288, 0
2026/07/28 00:06:52.030, 17.95, 36, 9, 12288, 0
2026/07/28 00:06:53.068, 17.85, 36, 9, 12288, 0
2026/07/28 00:06:54.104, 17.74, 36, 9, 12288, 0
2026/07/28 00:06:55.140, 18.11, 36, 9, 12288, 0
2026/07/28 00:06:56.175, 17.70, 36, 9, 12288, 0
2026/07/28 00:06:57.213, 17.72, 36, 9, 12288, 0
2026/07/28 00:06:58.248, 18.07, 36, 9, 12288, 0
2026/07/28 00:06:59.284, 17.95, 36, 9, 12288, 0
2026/07/28 00:07:00.319, 17.80, 36, 9, 12288, 0
2026/07/28 00:07:01.355, 18.12, 36, 9, 12288, 0
2026/07/28 00:07:02.391, 17.80, 36, 9, 12288, 0
2026/07/28 00:07:03.427, 17.65, 36, 9, 12288, 0
2026/07/28 00:07:04.464, 18.07, 36, 9, 12288, 0
2026/07/28 00:07:05.500, 18.05, 36, 9, 12288, 0
2026/07/28 00:07:06.536, 18.03, 36, 9, 12288, 0
2026/07/28 00:07:07.572, 17.58, 36, 9, 12288, 0
2026/07/28 00:07:08.608, 17.49, 36, 9, 12288, 0
2026/07/28 00:07:09.644, 17.59, 36, 9, 12288, 0
2026/07/28 00:07:10.681, 17.77, 36, 9, 12288, 0
2026/07/28 00:07:11.716, 17.67, 36, 9, 12288, 0
2026/07/28 00:07:12.752, 17.83, 36, 9, 12288, 0
2026/07/28 00:07:13.788, 17.47, 36, 9, 12288, 0
2026/07/28 00:07:14.824, 17.58, 36, 9, 12288, 0
2026/07/28 00:07:15.860, 17.76, 36, 9, 12288, 0
2026/07/28 00:07:16.897, 17.69, 36, 9, 12288, 0
2026/07/28 00:07:17.933, 17.64, 36, 9, 12288, 0
2026/07/28 00:07:18.968, 17.46, 36, 9, 12288, 0
2026/07/28 00:07:20.003, 17.74, 36, 9, 12288, 0
2026/07/28 00:07:21.039, 17.62, 36, 9, 12288, 0
2026/07/28 00:07:22.075, 17.72, 36, 9, 12288, 0
2026/07/28 00:07:23.110, 17.58, 36, 9, 12288, 0
2026/07/28 00:07:24.146, 17.60, 36, 9, 12288, 0
2026/07/28 00:07:25.183, 17.80, 36, 9, 12288, 0
2026/07/28 00:07:26.219, 17.67, 36, 9, 12288, 0
2026/07/28 00:07:27.255, 17.47, 36, 9, 12288, 0
2026/07/28 00:07:28.291, 17.55, 36, 9, 12288, 0
2026/07/28 00:07:29.328, 17.60, 36, 9, 12288, 0
2026/07/28 00:07:30.364, 17.81, 36, 9, 12288, 0
2026/07/28 00:07:31.400, 17.80, 36, 9, 12288, 0
2026/07/28 00:07:32.436, 17.80, 36, 9, 12288, 0
2026/07/28 00:07:33.472, 17.56, 36, 9, 12288, 0
2026/07/28 00:07:34.508, 17.76, 36, 9, 12288, 0
2026/07/28 00:07:35.544, 17.91, 36, 9, 12288, 0
2026/07/28 00:07:36.581, 17.84, 36, 9, 12288, 0
2026/07/28 00:07:37.616, 17.75, 36, 9, 12288, 0
2026/07/28 00:07:38.652, 17.75, 36, 9, 12288, 0
2026/07/28 00:07:39.688, 17.94, 36, 9, 12288, 0
2026/07/28 00:07:40.724, 17.80, 36, 9, 12288, 0
2026/07/28 00:07:41.761, 17.68, 36, 9, 12288, 0
2026/07/28 00:07:42.798, 17.62, 36, 9, 12288, 0
2026/07/28 00:07:43.834, 17.61, 36, 9, 12288, 0
2026/07/28 00:07:44.871, 17.76, 36, 9, 12288, 0
2026/07/28 00:07:45.907, 17.78, 36, 9, 12288, 0
2026/07/28 00:07:46.943, 17.79, 36, 9, 12288, 0
2026/07/28 00:07:47.979, 17.71, 36, 9, 12288, 0
2026/07/28 00:07:49.015, 17.61, 36, 9, 12288, 0
2026/07/28 00:07:50.052, 17.58, 36, 9, 12288, 0
2026/07/28 00:07:51.089, 17.63, 36, 9, 12288, 0
2026/07/28 00:07:52.124, 17.85, 36, 9, 12288, 0
2026/07/28 00:07:53.161, 17.94, 36, 9, 12288, 0
2026/07/28 00:07:54.197, 17.99, 36, 9, 12288, 0
2026/07/28 00:07:55.233, 18.00, 36, 9, 12288, 0
2026/07/28 00:07:56.270, 17.91, 36, 9, 12288, 0
2026/07/28 00:07:57.307, 18.03, 36, 9, 12288, 0
2026/07/28 00:07:58.342, 17.82, 36, 9, 12288, 0
2026/07/28 00:07:59.379, 18.06, 36, 9, 12288, 0
2026/07/28 00:08:00.415, 17.67, 36, 9, 12288, 0
2026/07/28 00:08:01.452, 17.74, 36, 9, 12288, 0
2026/07/28 00:08:02.489, 17.78, 36, 9, 12288, 0
2026/07/28 00:08:03.525, 17.71, 36, 9, 12288, 0
2026/07/28 00:08:04.562, 17.79, 36, 9, 12288, 0
2026/07/28 00:08:05.599, 17.95, 36, 9, 12288, 0
2026/07/28 00:08:06.635, 17.57, 36, 9, 12288, 0
2026/07/28 00:08:07.673, 17.73, 36, 9, 12288, 0
2026/07/28 00:08:08.710, 17.60, 36, 9, 12288, 0
2026/07/28 00:08:09.747, 17.73, 36, 9, 12288, 0
2026/07/28 00:08:10.782, 17.92, 36, 9, 12288, 0
2026/07/28 00:08:11.818, 17.87, 36, 9, 12288, 0
2026/07/28 00:08:12.853, 17.95, 36, 9, 12288, 0
2026/07/28 00:08:13.890, 17.95, 36, 9, 12288, 0
2026/07/28 00:08:14.926, 17.95, 36, 9, 12288, 0
2026/07/28 00:08:15.963, 17.79, 36, 9, 12288, 0
2026/07/28 00:08:16.997, 17.77, 36, 9, 12288, 0
2026/07/28 00:08:18.033, 17.38, 36, 9, 12288, 0
2026/07/28 00:08:19.070, 17.59, 36, 9, 12288, 0
2026/07/28 00:08:20.106, 17.66, 36, 9, 12288, 0
2026/07/28 00:08:21.142, 17.91, 36, 9, 12288, 0
2026/07/28 00:08:22.179, 17.64, 36, 9, 12288, 0
2026/07/28 00:08:23.214, 17.78, 36, 9, 12288, 0
2026/07/28 00:08:24.251, 17.69, 36, 9, 12288, 0
2026/07/28 00:08:25.288, 17.60, 36, 9, 12288, 0
2026/07/28 00:08:26.324, 17.73, 36, 9, 12288, 0
2026/07/28 00:08:27.361, 18.09, 36, 9, 12288, 0
2026/07/28 00:08:28.397, 18.08, 36, 9, 12288, 0
2026/07/28 00:08:29.433, 17.71, 36, 9, 12288, 0
2026/07/28 00:08:30.471, 17.87, 36, 9, 12288, 0
2026/07/28 00:08:31.507, 18.08, 36, 9, 12288, 0
2026/07/28 00:08:32.545, 17.81, 36, 9, 12288, 0
2026/07/28 00:08:33.580, 17.75, 36, 9, 12288, 0
2026/07/28 00:08:34.617, 17.93, 36, 9, 12288, 0
2026/07/28 00:08:35.653, 17.99, 36, 9, 12288, 0
2026/07/28 00:08:36.690, 18.00, 36, 9, 12288, 0
2026/07/28 00:08:37.726, 17.66, 36, 9, 12288, 0
2026/07/28 00:08:38.763, 17.65, 36, 9, 12288, 0
2026/07/28 00:08:39.799, 17.82, 36, 9, 12288, 0
2026/07/28 00:08:40.835, 17.82, 36, 9, 12288, 0
2026/07/28 00:08:41.871, 17.80, 36, 9, 12288, 0
2026/07/28 00:08:42.909, 18.07, 36, 9, 12288, 0
2026/07/28 00:08:43.947, 17.68, 36, 9, 12288, 0
2026/07/28 00:08:44.983, 17.98, 36, 9, 12288, 0
2026/07/28 00:08:46.019, 17.61, 36, 9, 12288, 0
2026/07/28 00:08:47.055, 17.85, 36, 9, 12288, 0
2026/07/28 00:08:48.092, 17.89, 36, 9, 12288, 0
2026/07/28 00:08:49.129, 17.81, 36, 9, 12288, 0
2026/07/28 00:08:50.165, 17.99, 36, 9, 12288, 0
2026/07/28 00:08:51.202, 17.91, 36, 9, 12288, 0
2026/07/28 00:08:52.238, 17.90, 36, 9, 12288, 0
2026/07/28 00:08:53.275, 17.66, 36, 9, 12288, 0
2026/07/28 00:08:54.312, 17.84, 36, 9, 12288, 0
2026/07/28 00:08:55.349, 17.85, 36, 9, 12288, 0
2026/07/28 00:08:56.386, 17.90, 36, 9, 12288, 0
2026/07/28 00:08:57.422, 17.78, 36, 9, 12288, 0
2026/07/28 00:08:58.459, 17.73, 36, 9, 12288, 0
2026/07/28 00:08:59.495, 17.76, 36, 9, 12288, 0
2026/07/28 00:09:00.531, 17.85, 36, 9, 12288, 0
2026/07/28 00:09:01.567, 17.66, 36, 9, 12288, 0
2026/07/28 00:09:02.605, 17.57, 36, 9, 12288, 0
2026/07/28 00:09:03.642, 17.76, 36, 9, 12288, 0
2026/07/28 00:09:04.679, 17.71, 36, 9, 12288, 0
2026/07/28 00:09:05.714, 17.84, 36, 9, 12288, 0
2026/07/28 00:09:06.750, 17.91, 36, 9, 12288, 0
2026/07/28 00:09:07.786, 17.88, 36, 9, 12288, 0
2026/07/28 00:09:08.822, 17.51, 36, 9, 12288, 0
2026/07/28 00:09:09.858, 17.50, 36, 9, 12288, 0
2026/07/28 00:09:10.895, 17.33, 36, 9, 12288, 0
2026/07/28 00:09:11.931, 17.50, 36, 9, 12288, 0
2026/07/28 00:09:12.968, 17.69, 36, 9, 12288, 0
2026/07/28 00:09:14.004, 17.92, 36, 9, 12288, 0
2026/07/28 00:09:15.040, 17.88, 36, 9, 12288, 0
2026/07/28 00:09:16.077, 17.69, 36, 9, 12288, 0
2026/07/28 00:09:17.113, 17.67, 36, 9, 12288, 0
2026/07/28 00:09:18.149, 17.56, 36, 9, 12288, 0
2026/07/28 00:09:19.184, 17.36, 36, 9, 12288, 0
2026/07/28 00:09:20.221, 17.62, 36, 9, 12288, 0
2026/07/28 00:09:21.258, 17.66, 36, 9, 12288, 0
2026/07/28 00:09:22.294, 17.91, 36, 9, 12288, 0
2026/07/28 00:09:23.330, 17.62, 36, 9, 12288, 0
2026/07/28 00:09:24.367, 17.60, 36, 9, 12288, 0
2026/07/28 00:09:25.402, 17.62, 36, 9, 12288, 0
2026/07/28 00:09:26.439, 17.72, 36, 9, 12288, 0
2026/07/28 00:09:27.476, 17.86, 36, 9, 12288, 0
2026/07/28 00:09:28.512, 17.82, 36, 9, 12288, 0
2026/07/28 00:09:29.548, 17.68, 36, 9, 12288, 0
2026/07/28 00:09:30.584, 17.77, 36, 9, 12288, 0
2026/07/28 00:09:31.620, 17.73, 36, 9, 12288, 0
2026/07/28 00:09:32.656, 17.78, 36, 9, 12288, 0
2026/07/28 00:09:33.693, 17.68, 36, 9, 12288, 0
2026/07/28 00:09:34.730, 17.55, 36, 9, 12288, 0
2026/07/28 00:09:35.766, 17.62, 36, 9, 12288, 0
2026/07/28 00:09:36.802, 17.70, 36, 9, 12288, 0
2026/07/28 00:09:37.838, 17.81, 36, 9, 12288, 0
2026/07/28 00:09:38.874, 17.73, 36, 9, 12288, 0
2026/07/28 00:09:39.911, 18.18, 36, 9, 12288, 0
2026/07/28 00:09:40.949, 17.84, 36, 9, 12288, 0
2026/07/28 00:09:41.985, 17.62, 36, 9, 12288, 0
2026/07/28 00:09:43.022, 17.67, 36, 9, 12288, 0
2026/07/28 00:09:44.057, 17.73, 36, 9, 12288, 0
2026/07/28 00:09:45.094, 17.88, 36, 9, 12288, 0
2026/07/28 00:09:46.131, 17.61, 36, 9, 12288, 0
2026/07/28 00:09:47.167, 17.82, 36, 9, 12288, 0
2026/07/28 00:09:48.204, 17.65, 36, 9, 12288, 0
2026/07/28 00:09:49.241, 17.94, 36, 9, 12288, 0
2026/07/28 00:09:50.277, 17.76, 36, 9, 12288, 0
2026/07/28 00:09:51.314, 17.56, 36, 9, 12288, 0
2026/07/28 00:09:52.350, 17.74, 36, 9, 12288, 0
2026/07/28 00:09:53.388, 17.75, 36, 9, 12288, 0
2026/07/28 00:09:54.424, 17.79, 36, 9, 12288, 0
2026/07/28 00:09:55.462, 17.68, 36, 9, 12288, 0
2026/07/28 00:09:56.499, 17.82, 36, 9, 12288, 0
2026/07/28 00:09:57.535, 18.15, 36, 9, 12288, 0
2026/07/28 00:09:58.572, 17.77, 36, 9, 12288, 0
2026/07/28 00:09:59.609, 17.92, 36, 9, 12288, 0
2026/07/28 00:10:00.644, 17.69, 36, 9, 12288, 0
2026/07/28 00:10:01.679, 17.91, 36, 9, 12288, 0
2026/07/28 00:10:02.715, 17.87, 36, 9, 12288, 0
2026/07/28 00:10:03.752, 17.20, 36, 9, 12288, 0
2026/07/28 00:10:04.788, 17.32, 36, 9, 12288, 0
2026/07/28 00:10:05.825, 17.22, 36, 9, 12288, 0
2026/07/28 00:10:06.861, 17.54, 36, 9, 12288, 0
2026/07/28 00:10:07.899, 17.65, 36, 9, 12288, 0
2026/07/28 00:10:08.935, 17.80, 36, 9, 12288, 0
2026/07/28 00:10:09.972, 17.41, 36, 9, 12288, 0
2026/07/28 00:10:11.008, 17.55, 36, 9, 12288, 0
2026/07/28 00:10:12.044, 17.36, 36, 9, 12288, 0
2026/07/28 00:10:13.080, 17.23, 36, 9, 12288, 0
2026/07/28 00:10:14.117, 17.56, 36, 9, 12288, 0
2026/07/28 00:10:15.153, 17.54, 36, 9, 12288, 0
2026/07/28 00:10:16.191, 17.53, 36, 9, 12288, 0
2026/07/28 00:10:17.228, 17.57, 36, 9, 12288, 0
2026/07/28 00:10:18.265, 17.38, 36, 9, 12288, 0
2026/07/28 00:10:19.301, 17.61, 36, 9, 12288, 0
2026/07/28 00:10:20.336, 17.58, 36, 9, 12288, 0
2026/07/28 00:10:21.372, 17.49, 36, 9, 12288, 0
2026/07/28 00:10:22.409, 17.38, 36, 9, 12288, 0
2026/07/28 00:10:23.445, 17.61, 36, 9, 12288, 0
2026/07/28 00:10:24.483, 17.70, 36, 9, 12288, 0
2026/07/28 00:10:25.520, 17.66, 36, 9, 12288, 0
2026/07/28 00:10:26.557, 17.34, 36, 9, 12288, 0
2026/07/28 00:10:27.593, 17.75, 36, 9, 12288, 0
2026/07/28 00:10:28.630, 17.43, 36, 9, 12288, 0
2026/07/28 00:10:29.667, 17.94, 36, 9, 12288, 0
2026/07/28 00:10:30.703, 17.50, 36, 9, 12288, 0
2026/07/28 00:10:31.740, 17.84, 36, 9, 12288, 0
2026/07/28 00:10:32.777, 17.74, 36, 9, 12288, 0
2026/07/28 00:10:33.813, 17.79, 36, 9, 12288, 0
2026/07/28 00:10:34.850, 17.63, 36, 9, 12288, 0
2026/07/28 00:10:35.887, 17.76, 36, 9, 12288, 0
2026/07/28 00:10:36.924, 18.02, 36, 9, 12288, 0
2026/07/28 00:10:37.961, 17.82, 36, 9, 12288, 0
2026/07/28 00:10:38.999, 17.83, 36, 9, 12288, 0
2026/07/28 00:10:40.036, 17.83, 36, 9, 12288, 0
2026/07/28 00:10:41.072, 17.65, 36, 9, 12288, 0
2026/07/28 00:10:42.110, 17.89, 36, 9, 12288, 0
2026/07/28 00:10:43.146, 18.02, 36, 9, 12288, 0
2026/07/28 00:10:44.182, 18.09, 36, 9, 12288, 0
2026/07/28 00:10:45.219, 18.01, 36, 9, 12288, 0
2026/07/28 00:10:46.256, 17.88, 36, 9, 12288, 0
2026/07/28 00:10:47.294, 17.75, 36, 9, 12288, 0
2026/07/28 00:10:48.330, 17.68, 36, 9, 12288, 0
2026/07/28 00:10:49.367, 17.86, 36, 9, 12288, 0
2026/07/28 00:10:50.404, 17.30, 36, 9, 12288, 0
2026/07/28 00:10:51.441, 17.45, 36, 9, 12288, 0
2026/07/28 00:10:52.476, 17.68, 36, 9, 12288, 0
2026/07/28 00:10:53.513, 17.72, 36, 9, 12288, 0
2026/07/28 00:10:54.549, 17.78, 36, 9, 12288, 0
2026/07/28 00:10:55.585, 17.98, 36, 9, 12288, 0
2026/07/28 00:10:56.621, 17.67, 36, 9, 12288, 0
2026/07/28 00:10:57.657, 17.67, 36, 9, 12288, 0
2026/07/28 00:10:58.693, 17.74, 36, 9, 12288, 0
2026/07/28 00:10:59.728, 17.95, 36, 9, 12288, 0
2026/07/28 00:11:00.765, 17.89, 36, 9, 12288, 0
2026/07/28 00:11:01.801, 17.78, 36, 9, 12288, 0
2026/07/28 00:11:02.838, 17.91, 36, 9, 12288, 0
2026/07/28 00:11:03.875, 17.84, 36, 9, 12288, 0
2026/07/28 00:11:04.910, 17.76, 36, 9, 12288, 0
2026/07/28 00:11:05.946, 17.78, 36, 9, 12288, 0
2026/07/28 00:11:06.982, 17.77, 36, 9, 12288, 0
2026/07/28 00:11:08.020, 17.73, 36, 9, 12288, 0
2026/07/28 00:11:09.057, 17.83, 36, 9, 12288, 0
2026/07/28 00:11:10.094, 17.74, 36, 9, 12288, 0
2026/07/28 00:11:11.130, 17.79, 36, 9, 12288, 0
2026/07/28 00:11:12.166, 17.68, 36, 9, 12288, 0
2026/07/28 00:11:13.202, 17.74, 36, 9, 12288, 0
2026/07/28 00:11:14.239, 17.57, 36, 9, 12288, 0
2026/07/28 00:11:15.277, 17.45, 36, 9, 12288, 0
2026/07/28 00:11:16.315, 17.41, 36, 9, 12288, 0
2026/07/28 00:11:17.351, 17.75, 36, 9, 12288, 0
2026/07/28 00:11:18.387, 17.89, 36, 9, 12288, 0
2026/07/28 00:11:19.424, 18.00, 36, 9, 12288, 0
2026/07/28 00:11:20.461, 18.02, 36, 9, 12288, 0
2026/07/28 00:11:21.501, 18.05, 36, 9, 12288, 0
2026/07/28 00:11:22.537, 18.07, 36, 9, 12288, 0
2026/07/28 00:11:23.575, 18.01, 36, 9, 12288, 0
2026/07/28 00:11:24.611, 18.09, 36, 9, 12288, 0
2026/07/28 00:11:25.647, 17.75, 36, 9, 12288, 0
2026/07/28 00:11:26.683, 17.64, 36, 9, 12288, 0
2026/07/28 00:11:27.721, 17.90, 36, 9, 12288, 0
2026/07/28 00:11:28.758, 17.53, 36, 9, 12288, 0
2026/07/28 00:11:29.794, 17.63, 36, 9, 12288, 0
2026/07/28 00:11:30.831, 17.72, 36, 9, 12288, 0
2026/07/28 00:11:31.867, 17.50, 36, 9, 12288, 0
2026/07/28 00:11:32.904, 17.80, 36, 9, 12288, 0
2026/07/28 00:11:33.943, 17.79, 36, 9, 12288, 0
2026/07/28 00:11:34.979, 17.78, 36, 9, 12288, 0
2026/07/28 00:11:36.016, 17.89, 36, 9, 12288, 0
2026/07/28 00:11:37.052, 17.61, 36, 9, 12288, 0
2026/07/28 00:11:38.088, 17.48, 36, 9, 12288, 0
2026/07/28 00:11:39.126, 17.62, 36, 9, 12288, 0
2026/07/28 00:11:40.161, 17.60, 36, 9, 12288, 0
2026/07/28 00:11:41.198, 17.73, 36, 9, 12288, 0
2026/07/28 00:11:42.234, 17.82, 36, 9, 12288, 0
2026/07/28 00:11:43.271, 17.61, 36, 9, 12288, 0
2026/07/28 00:11:44.309, 17.67, 36, 9, 12288, 0
2026/07/28 00:11:45.345, 17.75, 36, 9, 12288, 0
2026/07/28 00:11:46.382, 17.80, 36, 9, 12288, 0
2026/07/28 00:11:47.418, 17.84, 36, 9, 12288, 0
2026/07/28 00:11:48.454, 17.85, 36, 9, 12288, 0
2026/07/28 00:11:49.490, 17.90, 36, 9, 12288, 0
2026/07/28 00:11:50.528, 17.61, 36, 9, 12288, 0
2026/07/28 00:11:51.565, 18.01, 36, 9, 12288, 0
2026/07/28 00:11:52.602, 17.66, 36, 9, 12288, 0
2026/07/28 00:11:53.638, 17.70, 36, 9, 12288, 0
2026/07/28 00:11:54.675, 17.89, 36, 9, 12288, 0
2026/07/28 00:11:55.711, 17.97, 36, 9, 12288, 0
2026/07/28 00:11:56.748, 17.77, 36, 9, 12288, 0
2026/07/28 00:11:57.784, 17.61, 36, 9, 12288, 0
2026/07/28 00:11:58.822, 17.77, 36, 9, 12288, 0
2026/07/28 00:11:59.860, 17.75, 36, 9, 12288, 0
2026/07/28 00:12:00.895, 17.53, 36, 9, 12288, 0
2026/07/28 00:12:01.932, 17.75, 36, 9, 12288, 0
2026/07/28 00:12:02.969, 17.81, 36, 9, 12288, 0
2026/07/28 00:12:04.006, 17.81, 36, 9, 12288, 0
2026/07/28 00:12:05.043, 17.81, 36, 9, 12288, 0
2026/07/28 00:12:06.080, 18.10, 36, 9, 12288, 0
2026/07/28 00:12:07.116, 17.95, 36, 9, 12288, 0
2026/07/28 00:12:08.154, 17.91, 36, 9, 12288, 0
2026/07/28 00:12:09.191, 17.69, 36, 9, 12288, 0
2026/07/28 00:12:10.228, 17.67, 36, 9, 12288, 0
2026/07/28 00:12:11.265, 17.74, 36, 9, 12288, 0
2026/07/28 00:12:12.302, 17.84, 36, 9, 12288, 0
2026/07/28 00:12:13.338, 17.80, 36, 9, 12288, 0
2026/07/28 00:12:14.376, 17.82, 36, 9, 12288, 0
2026/07/28 00:12:15.413, 17.25, 36, 9, 12288, 0
2026/07/28 00:12:16.450, 17.69, 36, 9, 12288, 0
2026/07/28 00:12:17.486, 17.70, 36, 9, 12288, 0
2026/07/28 00:12:18.523, 17.64, 36, 9, 12288, 0
2026/07/28 00:12:19.559, 17.45, 36, 9, 12288, 0
2026/07/28 00:12:20.595, 17.62, 36, 9, 12288, 0
2026/07/28 00:12:21.631, 17.73, 36, 9, 12288, 0
2026/07/28 00:12:22.668, 17.50, 36, 9, 12288, 0
2026/07/28 00:12:23.705, 18.06, 36, 9, 12288, 0
2026/07/28 00:12:24.743, 18.07, 36, 9, 12288, 0
2026/07/28 00:12:25.779, 17.71, 36, 9, 12288, 0
2026/07/28 00:12:26.815, 17.72, 36, 9, 12288, 0
2026/07/28 00:12:27.852, 17.65, 36, 9, 12288, 0
2026/07/28 00:12:28.889, 17.53, 36, 9, 12288, 0
2026/07/28 00:12:29.926, 17.90, 36, 9, 12288, 0
2026/07/28 00:12:30.962, 17.76, 36, 9, 12288, 0
2026/07/28 00:12:31.998, 17.68, 36, 9, 12288, 0
2026/07/28 00:12:33.034, 17.69, 36, 9, 12288, 0
2026/07/28 00:12:34.073, 17.53, 36, 9, 12288, 0
2026/07/28 00:12:35.110, 17.85, 36, 9, 12288, 0
2026/07/28 00:12:36.147, 17.74, 36, 9, 12288, 0
2026/07/28 00:12:37.184, 17.80, 36, 9, 12288, 0
2026/07/28 00:12:38.220, 18.18, 36, 9, 12288, 0
2026/07/28 00:12:39.257, 18.04, 36, 9, 12288, 0
2026/07/28 00:12:40.292, 17.56, 36, 9, 12288, 0
2026/07/28 00:12:41.329, 18.19, 36, 9, 12288, 0
2026/07/28 00:12:42.366, 18.22, 36, 9, 12288, 0
2026/07/28 00:12:43.403, 18.01, 36, 9, 12288, 0
2026/07/28 00:12:44.438, 17.66, 36, 9, 12288, 0
2026/07/28 00:12:45.475, 17.88, 36, 9, 12288, 0
2026/07/28 00:12:46.513, 17.83, 36, 9, 12288, 0
2026/07/28 00:12:47.551, 18.18, 36, 9, 12288, 0
2026/07/28 00:12:48.588, 18.01, 36, 9, 12288, 0
2026/07/28 00:12:49.625, 18.11, 36, 9, 12288, 0
2026/07/28 00:12:50.661, 17.86, 36, 9, 12288, 0
2026/07/28 00:12:51.698, 17.69, 36, 9, 12288, 0
2026/07/28 00:12:52.734, 17.94, 36, 9, 12288, 0
2026/07/28 00:12:53.771, 18.14, 36, 9, 12288, 0
2026/07/28 00:12:54.809, 18.02, 36, 9, 12288, 0
2026/07/28 00:12:55.845, 17.66, 36, 9, 12288, 0
2026/07/28 00:12:56.881, 17.65, 36, 9, 12288, 0
2026/07/28 00:12:57.918, 17.85, 36, 9, 12288, 0
2026/07/28 00:12:58.955, 18.04, 36, 9, 12288, 0
2026/07/28 00:12:59.993, 18.12, 36, 9, 12288, 0
2026/07/28 00:13:01.029, 17.93, 36, 9, 12288, 0
2026/07/28 00:13:02.065, 18.02, 36, 9, 12288, 0
2026/07/28 00:13:03.100, 17.88, 36, 9, 12288, 0
2026/07/28 00:13:04.137, 18.18, 36, 9, 12288, 0
2026/07/28 00:13:05.175, 18.05, 36, 9, 12288, 0
2026/07/28 00:13:06.211, 18.02, 36, 9, 12288, 0
2026/07/28 00:13:07.248, 17.87, 36, 9, 12288, 0
2026/07/28 00:13:08.284, 17.77, 36, 9, 12288, 0
2026/07/28 00:13:09.320, 17.81, 36, 9, 12288, 0
2026/07/28 00:13:10.358, 17.86, 36, 9, 12288, 0
2026/07/28 00:13:11.395, 17.76, 36, 9, 12288, 0
2026/07/28 00:13:12.431, 17.62, 36, 9, 12288, 0
2026/07/28 00:13:13.469, 17.70, 36, 9, 12288, 0
2026/07/28 00:13:14.506, 17.92, 36, 9, 12288, 0
2026/07/28 00:13:15.542, 17.88, 36, 9, 12288, 0
2026/07/28 00:13:16.579, 18.05, 36, 9, 12288, 0
2026/07/28 00:13:17.615, 17.91, 36, 9, 12288, 0
2026/07/28 00:13:18.651, 17.91, 36, 9, 12288, 0
2026/07/28 00:13:19.688, 18.03, 36, 9, 12288, 0
2026/07/28 00:13:20.726, 17.76, 36, 9, 12288, 0
2026/07/28 00:13:21.761, 17.93, 36, 9, 12288, 0
2026/07/28 00:13:22.799, 18.02, 36, 9, 12288, 0
2026/07/28 00:13:23.836, 17.82, 36, 9, 12288, 0
2026/07/28 00:13:24.874, 17.75, 36, 9, 12288, 0
2026/07/28 00:13:25.910, 17.56, 36, 9, 12288, 0
2026/07/28 00:13:26.947, 17.57, 36, 9, 12288, 0
2026/07/28 00:13:27.984, 17.66, 36, 9, 12288, 0
2026/07/28 00:13:29.021, 17.59, 36, 9, 12288, 0
2026/07/28 00:13:30.058, 17.46, 36, 9, 12288, 0
2026/07/28 00:13:31.096, 17.85, 36, 9, 12288, 0
2026/07/28 00:13:32.132, 17.80, 36, 9, 12288, 0
2026/07/28 00:13:33.168, 17.98, 36, 9, 12288, 0
2026/07/28 00:13:34.204, 17.74, 36, 9, 12288, 0
2026/07/28 00:13:35.241, 17.84, 36, 9, 12288, 0
2026/07/28 00:13:36.278, 17.55, 36, 9, 12288, 0
2026/07/28 00:13:37.314, 17.63, 36, 9, 12288, 0
2026/07/28 00:13:38.351, 17.49, 36, 9, 12288, 0
2026/07/28 00:13:39.389, 17.56, 36, 9, 12288, 0
2026/07/28 00:13:40.424, 17.51, 36, 9, 12288, 0
2026/07/28 00:13:41.460, 17.69, 36, 9, 12288, 0
2026/07/28 00:13:42.496, 17.73, 36, 9, 12288, 0
2026/07/28 00:13:43.533, 17.75, 36, 9, 12288, 0
2026/07/28 00:13:44.569, 17.69, 36, 9, 12288, 0
2026/07/28 00:13:45.607, 17.79, 36, 9, 12288, 0
2026/07/28 00:13:46.642, 17.82, 36, 9, 12288, 0
2026/07/28 00:13:47.679, 17.82, 36, 9, 12288, 0
2026/07/28 00:13:48.716, 17.71, 36, 9, 12288, 0
2026/07/28 00:13:49.753, 17.89, 36, 9, 12288, 0
2026/07/28 00:13:50.789, 18.11, 36, 9, 12288, 0
2026/07/28 00:13:51.826, 17.73, 36, 9, 12288, 0
2026/07/28 00:13:52.862, 17.90, 36, 9, 12288, 0
2026/07/28 00:13:53.898, 17.75, 36, 9, 12288, 0
2026/07/28 00:13:54.935, 17.68, 36, 9, 12288, 0
2026/07/28 00:13:55.973, 17.80, 36, 9, 12288, 0
2026/07/28 00:13:57.010, 18.28, 36, 9, 12288, 0
2026/07/28 00:13:58.046, 18.20, 36, 9, 12288, 0
2026/07/28 00:13:59.082, 18.19, 36, 9, 12288, 0
2026/07/28 00:14:00.120, 17.90, 36, 9, 12288, 0
2026/07/28 00:14:01.157, 17.80, 36, 9, 12288, 0
2026/07/28 00:14:02.194, 17.86, 36, 9, 12288, 0
2026/07/28 00:14:03.230, 18.31, 36, 9, 12288, 0
2026/07/28 00:14:04.267, 17.91, 36, 9, 12288, 0
2026/07/28 00:14:05.303, 18.03, 36, 9, 12288, 0
2026/07/28 00:14:06.340, 17.81, 36, 9, 12288, 0
2026/07/28 00:14:07.377, 18.02, 36, 9, 12288, 0
2026/07/28 00:14:08.414, 18.30, 36, 9, 12288, 0
2026/07/28 00:14:09.450, 18.06, 36, 9, 12288, 0
2026/07/28 00:14:10.487, 18.15, 36, 9, 12288, 0
2026/07/28 00:14:11.524, 17.92, 36, 9, 12288, 0
2026/07/28 00:14:12.560, 18.25, 36, 9, 12288, 0
2026/07/28 00:14:13.597, 18.08, 36, 9, 12288, 0
2026/07/28 00:14:14.634, 17.79, 36, 9, 12288, 0
2026/07/28 00:14:15.670, 17.75, 36, 9, 12288, 0
2026/07/28 00:14:16.708, 17.73, 36, 9, 12288, 0
2026/07/28 00:14:17.743, 17.80, 36, 9, 12288, 0
2026/07/28 00:14:18.780, 17.78, 36, 9, 12288, 0
2026/07/28 00:14:19.818, 18.13, 36, 9, 12288, 0
2026/07/28 00:14:20.854, 17.95, 36, 9, 12288, 0
2026/07/28 00:14:21.891, 18.00, 36, 9, 12288, 0
2026/07/28 00:14:22.927, 17.70, 36, 9, 12288, 0
2026/07/28 00:14:23.962, 17.80, 36, 9, 12288, 0
2026/07/28 00:14:24.998, 17.86, 36, 9, 12288, 0
2026/07/28 00:14:26.035, 17.78, 36, 9, 12288, 0
2026/07/28 00:14:27.072, 17.75, 36, 9, 12288, 0
2026/07/28 00:14:28.108, 17.63, 36, 9, 12288, 0
2026/07/28 00:14:29.144, 17.43, 36, 9, 12288, 0
2026/07/28 00:14:30.180, 17.50, 36, 9, 12288, 0
2026/07/28 00:14:31.217, 17.60, 36, 9, 12288, 0
2026/07/28 00:14:32.253, 17.68, 36, 9, 12288, 0
2026/07/28 00:14:33.290, 17.64, 36, 9, 12288, 0
2026/07/28 00:14:34.327, 17.56, 36, 9, 12288, 0
2026/07/28 00:14:35.365, 17.77, 36, 9, 12288, 0
2026/07/28 00:14:36.400, 17.70, 36, 9, 12288, 0
2026/07/28 00:14:37.437, 17.97, 36, 9, 12288, 0
2026/07/28 00:14:38.475, 17.61, 36, 9, 12288, 0
2026/07/28 00:14:39.511, 17.69, 36, 9, 12288, 0
2026/07/28 00:14:40.548, 17.89, 36, 9, 12288, 0
2026/07/28 00:14:41.585, 17.89, 36, 9, 12288, 0
2026/07/28 00:14:42.622, 17.92, 36, 9, 12288, 0
2026/07/28 00:14:43.659, 18.15, 36, 9, 12288, 0
2026/07/28 00:14:44.695, 17.94, 36, 9, 12288, 0
2026/07/28 00:14:45.732, 17.95, 36, 9, 12288, 0
2026/07/28 00:14:46.769, 17.85, 36, 9, 12288, 0
2026/07/28 00:14:47.807, 17.91, 36, 9, 12288, 0
2026/07/28 00:14:48.843, 18.13, 36, 9, 12288, 0
2026/07/28 00:14:49.880, 17.88, 36, 9, 12288, 0
2026/07/28 00:14:50.916, 18.03, 36, 9, 12288, 0
2026/07/28 00:14:51.954, 17.95, 36, 9, 12288, 0
2026/07/28 00:14:52.992, 18.01, 36, 9, 12288, 0
2026/07/28 00:14:54.028, 18.26, 36, 9, 12288, 0
2026/07/28 00:14:55.063, 17.87, 36, 9, 12288, 0
2026/07/28 00:14:56.101, 17.98, 36, 9, 12288, 0
2026/07/28 00:14:57.139, 17.87, 36, 9, 12288, 0
2026/07/28 00:14:58.175, 17.84, 36, 9, 12288, 0
2026/07/28 00:14:59.212, 17.96, 36, 9, 12288, 0
2026/07/28 00:15:00.249, 17.95, 36, 9, 12288, 0
2026/07/28 00:15:01.285, 17.93, 36, 9, 12288, 0
2026/07/28 00:15:02.321, 18.20, 36, 9, 12288, 0
2026/07/28 00:15:03.357, 17.92, 36, 9, 12288, 0
2026/07/28 00:15:04.395, 17.94, 36, 9, 12288, 0
2026/07/28 00:15:05.432, 17.96, 36, 9, 12288, 0
2026/07/28 00:15:06.469, 18.07, 36, 9, 12288, 0
2026/07/28 00:15:07.506, 17.94, 36, 9, 12288, 0
2026/07/28 00:15:08.542, 17.95, 36, 9, 12288, 0
2026/07/28 00:15:09.579, 17.95, 36, 9, 12288, 0
2026/07/28 00:15:10.615, 17.91, 36, 9, 12288, 0
2026/07/28 00:15:11.652, 17.87, 36, 9, 12288, 0
2026/07/28 00:15:12.690, 18.25, 36, 9, 12288, 0
2026/07/28 00:15:13.726, 18.30, 36, 9, 12288, 0
2026/07/28 00:15:14.762, 18.07, 36, 9, 12288, 0
2026/07/28 00:15:15.799, 18.06, 36, 9, 12288, 0
2026/07/28 00:15:16.836, 17.93, 36, 9, 12288, 0
2026/07/28 00:15:17.875, 18.06, 36, 9, 12288, 0
2026/07/28 00:15:18.912, 18.05, 36, 9, 12288, 0
2026/07/28 00:15:19.947, 18.14, 36, 9, 12288, 0
2026/07/28 00:15:20.983, 18.10, 36, 9, 12288, 0
2026/07/28 00:15:22.020, 17.84, 36, 9, 12288, 0
2026/07/28 00:15:23.057, 18.02, 36, 9, 12288, 0
2026/07/28 00:15:24.093, 18.21, 36, 9, 12288, 0
2026/07/28 00:15:25.130, 17.94, 36, 9, 12288, 0
2026/07/28 00:15:26.167, 17.79, 36, 9, 12288, 0
2026/07/28 00:15:27.207, 18.23, 36, 9, 12288, 0
2026/07/28 00:15:28.243, 18.12, 36, 9, 12288, 0
2026/07/28 00:15:29.280, 18.14, 36, 9, 12288, 0
2026/07/28 00:15:30.317, 17.93, 36, 9, 12288, 0
2026/07/28 00:15:31.354, 17.82, 36, 9, 12288, 0
2026/07/28 00:15:32.391, 18.10, 36, 9, 12288, 0
2026/07/28 00:15:33.428, 17.93, 36, 9, 12288, 0
2026/07/28 00:15:34.464, 17.98, 36, 9, 12288, 0
2026/07/28 00:15:35.501, 17.72, 36, 9, 12288, 0
2026/07/28 00:15:36.538, 17.67, 36, 9, 12288, 0
2026/07/28 00:15:37.574, 17.81, 36, 9, 12288, 0
2026/07/28 00:15:38.610, 18.17, 36, 9, 12288, 0
2026/07/28 00:15:39.647, 17.95, 36, 9, 12288, 0
2026/07/28 00:15:40.684, 17.78, 36, 9, 12288, 0
2026/07/28 00:15:41.721, 17.85, 36, 9, 12288, 0
2026/07/28 00:15:42.757, 17.77, 36, 9, 12288, 0
2026/07/28 00:15:43.793, 17.63, 36, 9, 12288, 0
2026/07/28 00:15:44.829, 17.74, 36, 9, 12288, 0
2026/07/28 00:15:45.866, 17.63, 36, 9, 12288, 0
2026/07/28 00:15:46.903, 17.31, 36, 9, 12288, 0
2026/07/28 00:15:47.942, 17.76, 36, 9, 12288, 0
2026/07/28 00:15:48.978, 17.64, 36, 9, 12288, 0
2026/07/28 00:15:50.014, 17.63, 36, 9, 12288, 0
2026/07/28 00:15:51.051, 17.73, 36, 9, 12288, 0
2026/07/28 00:15:52.087, 17.78, 36, 9, 12288, 0
2026/07/28 00:15:53.125, 17.53, 36, 9, 12288, 0
2026/07/28 00:15:54.162, 17.69, 36, 9, 12288, 0
2026/07/28 00:15:55.199, 17.62, 36, 9, 12288, 0
2026/07/28 00:15:56.236, 17.70, 36, 9, 12288, 0
2026/07/28 00:15:57.273, 17.59, 36, 9, 12288, 0
2026/07/28 00:15:58.310, 17.65, 36, 9, 12288, 0
2026/07/28 00:15:59.347, 17.90, 36, 9, 12288, 0
2026/07/28 00:16:00.384, 17.63, 36, 9, 12288, 0
2026/07/28 00:16:01.422, 17.69, 36, 9, 12288, 0
2026/07/28 00:16:02.458, 17.62, 36, 9, 12288, 0
2026/07/28 00:16:03.494, 17.79, 36, 9, 12288, 0
2026/07/28 00:16:04.530, 17.84, 36, 9, 12288, 0
2026/07/28 00:16:05.567, 17.68, 36, 9, 12288, 0
2026/07/28 00:16:06.604, 17.84, 36, 9, 12288, 0
2026/07/28 00:16:07.641, 17.72, 36, 9, 12288, 0
2026/07/28 00:16:08.678, 17.47, 36, 9, 12288, 0
2026/07/28 00:16:09.715, 17.56, 36, 9, 12288, 0
2026/07/28 00:16:10.751, 17.55, 36, 9, 12288, 0
2026/07/28 00:16:11.789, 17.76, 36, 9, 12288, 0
2026/07/28 00:16:12.824, 17.73, 36, 9, 12288, 0
2026/07/28 00:16:13.861, 17.72, 36, 9, 12288, 0
2026/07/28 00:16:14.897, 17.62, 36, 9, 12288, 0
2026/07/28 00:16:15.933, 17.70, 36, 9, 12288, 0
2026/07/28 00:16:16.970, 17.84, 36, 9, 12288, 0
2026/07/28 00:16:18.007, 17.45, 36, 9, 12288, 0
2026/07/28 00:16:19.043, 17.80, 36, 9, 12288, 0
2026/07/28 00:16:20.079, 17.58, 36, 9, 12288, 0
2026/07/28 00:16:21.116, 17.62, 36, 9, 12288, 0
2026/07/28 00:16:22.152, 17.86, 36, 9, 12288, 0
2026/07/28 00:16:23.189, 17.81, 36, 9, 12288, 0
2026/07/28 00:16:24.225, 17.96, 36, 9, 12288, 0
2026/07/28 00:16:25.262, 17.71, 36, 9, 12288, 0
2026/07/28 00:16:26.299, 17.70, 36, 9, 12288, 0
2026/07/28 00:16:27.335, 17.67, 36, 9, 12288, 0
2026/07/28 00:16:28.373, 17.72, 36, 9, 12288, 0
2026/07/28 00:16:29.410, 17.59, 36, 9, 12288, 0
2026/07/28 00:16:30.447, 17.72, 36, 9, 12288, 0
2026/07/28 00:16:31.485, 17.65, 36, 9, 12288, 0
2026/07/28 00:16:32.523, 17.49, 36, 9, 12288, 0
2026/07/28 00:16:33.560, 18.05, 36, 9, 12288, 0
2026/07/28 00:16:34.596, 17.56, 36, 9, 12288, 0
2026/07/28 00:16:35.632, 17.66, 36, 9, 12288, 0
2026/07/28 00:16:36.669, 17.78, 36, 9, 12288, 0
2026/07/28 00:16:37.707, 17.74, 36, 9, 12288, 0
2026/07/28 00:16:38.745, 17.67, 36, 9, 12288, 0
2026/07/28 00:16:39.782, 17.92, 36, 9, 12288, 0
2026/07/28 00:16:40.818, 17.80, 36, 9, 12288, 0
2026/07/28 00:16:41.854, 17.75, 36, 9, 12288, 0
2026/07/28 00:16:42.891, 17.74, 36, 9, 12288, 0
2026/07/28 00:16:43.928, 17.63, 36, 9, 12288, 0
2026/07/28 00:16:44.966, 17.61, 36, 9, 12288, 0
2026/07/28 00:16:46.003, 17.97, 36, 9, 12288, 0
2026/07/28 00:16:47.040, 17.72, 36, 9, 12288, 0
2026/07/28 00:16:48.078, 18.08, 36, 9, 12288, 0
2026/07/28 00:16:49.115, 18.00, 36, 9, 12288, 0
2026/07/28 00:16:50.152, 17.89, 36, 9, 12288, 0
2026/07/28 00:16:51.189, 17.86, 36, 9, 12288, 0
2026/07/28 00:16:52.226, 17.94, 36, 9, 12288, 0
2026/07/28 00:16:53.262, 18.05, 36, 9, 12288, 0
2026/07/28 00:16:54.299, 18.16, 36, 9, 12288, 0
2026/07/28 00:16:55.336, 18.27, 36, 9, 12288, 0
2026/07/28 00:16:56.373, 18.39, 36, 9, 12288, 0
2026/07/28 00:16:57.411, 18.51, 36, 9, 12288, 0
2026/07/28 00:16:58.449, 18.33, 36, 9, 12288, 0
2026/07/28 00:16:59.486, 17.95, 36, 9, 12288, 0
2026/07/28 00:17:00.524, 17.83, 36, 9, 12288, 0
2026/07/28 00:17:01.561, 17.89, 36, 9, 12288, 0
2026/07/28 00:17:02.597, 18.03, 36, 9, 12288, 0
2026/07/28 00:17:03.634, 17.91, 36, 9, 12288, 0
2026/07/28 00:17:04.670, 18.37, 36, 9, 12288, 0
2026/07/28 00:17:05.706, 17.90, 36, 9, 12288, 0
2026/07/28 00:17:06.742, 17.84, 36, 9, 12288, 0
2026/07/28 00:17:07.778, 17.86, 36, 9, 12288, 0
2026/07/28 00:17:08.814, 17.91, 36, 9, 12288, 0
2026/07/28 00:17:09.850, 17.88, 36, 9, 12288, 0
2026/07/28 00:17:10.887, 17.87, 36, 9, 12288, 0
2026/07/28 00:17:11.923, 17.86, 36, 9, 12288, 0
2026/07/28 00:17:12.960, 17.84, 36, 9, 12288, 0
2026/07/28 00:17:13.996, 17.75, 36, 9, 12288, 0
2026/07/28 00:17:15.032, 17.77, 36, 9, 12288, 0
2026/07/28 00:17:16.068, 17.84, 36, 9, 12288, 0
2026/07/28 00:17:17.106, 18.01, 36, 9, 12288, 0
2026/07/28 00:17:18.142, 17.82, 36, 9, 12288, 0
2026/07/28 00:17:19.179, 17.78, 36, 9, 12288, 0
2026/07/28 00:17:20.216, 18.00, 36, 9, 12288, 0
2026/07/28 00:17:21.255, 17.88, 36, 9, 12288, 0
2026/07/28 00:17:22.291, 17.97, 36, 9, 12288, 0
2026/07/28 00:17:23.327, 17.96, 36, 9, 12288, 0
2026/07/28 00:17:24.364, 17.92, 36, 9, 12288, 0
2026/07/28 00:17:25.400, 18.07, 36, 9, 12288, 0
2026/07/28 00:17:26.438, 17.85, 36, 9, 12288, 0
2026/07/28 00:17:27.475, 18.09, 36, 9, 12288, 0
2026/07/28 00:17:28.512, 18.04, 36, 9, 12288, 0
2026/07/28 00:17:29.549, 17.80, 36, 9, 12288, 0
2026/07/28 00:17:30.585, 17.85, 36, 9, 12288, 0
2026/07/28 00:17:31.622, 18.02, 36, 9, 12288, 0
2026/07/28 00:17:32.659, 17.76, 36, 9, 12288, 0
2026/07/28 00:17:33.695, 18.01, 36, 9, 12288, 0
2026/07/28 00:17:34.733, 17.69, 36, 9, 12288, 0
2026/07/28 00:17:35.771, 17.43, 36, 9, 12288, 0
2026/07/28 00:17:36.807, 17.63, 36, 9, 12288, 0
2026/07/28 00:17:37.843, 17.54, 36, 9, 12288, 0
2026/07/28 00:17:38.879, 17.79, 36, 9, 12288, 0
2026/07/28 00:17:39.916, 17.72, 36, 9, 12288, 0
2026/07/28 00:17:40.954, 17.67, 36, 9, 12288, 0
2026/07/28 00:17:41.991, 17.72, 36, 9, 12288, 0
2026/07/28 00:17:43.026, 17.69, 36, 9, 12288, 0
2026/07/28 00:17:44.063, 17.67, 36, 9, 12288, 0
2026/07/28 00:17:45.099, 17.79, 36, 9, 12288, 0
2026/07/28 00:17:46.136, 17.62, 36, 9, 12288, 0
2026/07/28 00:17:47.173, 17.64, 36, 9, 12288, 0
2026/07/28 00:17:48.210, 17.54, 36, 9, 12288, 0
2026/07/28 00:17:49.247, 17.73, 36, 9, 12288, 0
2026/07/28 00:17:50.284, 17.68, 36, 9, 12288, 0
2026/07/28 00:17:51.322, 17.68, 36, 9, 12288, 0
2026/07/28 00:17:52.359, 17.45, 36, 9, 12288, 0
2026/07/28 00:17:53.396, 17.66, 36, 9, 12288, 0
2026/07/28 00:17:54.432, 17.71, 36, 9, 12288, 0
2026/07/28 00:17:55.468, 17.68, 36, 9, 12288, 0
2026/07/28 00:17:56.506, 17.46, 36, 9, 12288, 0
2026/07/28 00:17:57.542, 17.37, 36, 9, 12288, 0
2026/07/28 00:17:58.578, 17.51, 36, 9, 12288, 0
2026/07/28 00:17:59.614, 17.62, 36, 9, 12288, 0
2026/07/28 00:18:00.650, 17.91, 36, 9, 12288, 0
2026/07/28 00:18:01.686, 17.80, 36, 9, 12288, 0
2026/07/28 00:18:02.722, 17.89, 36, 9, 12288, 0
2026/07/28 00:18:03.760, 17.52, 36, 9, 12288, 0
2026/07/28 00:18:04.796, 17.69, 36, 9, 12288, 0
2026/07/28 00:18:05.832, 17.48, 36, 9, 12288, 0
2026/07/28 00:18:06.869, 17.54, 36, 9, 12288, 0
2026/07/28 00:18:07.905, 17.88, 36, 9, 12288, 0
2026/07/28 00:18:08.942, 17.63, 36, 9, 12288, 0
2026/07/28 00:18:09.979, 17.94, 36, 9, 12288, 0
2026/07/28 00:18:11.017, 17.96, 36, 9, 12288, 0
2026/07/28 00:18:12.053, 17.84, 36, 9, 12288, 0
2026/07/28 00:18:13.091, 18.18, 36, 9, 12288, 0
2026/07/28 00:18:14.127, 18.23, 36, 9, 12288, 0
2026/07/28 00:18:15.164, 18.33, 36, 9, 12288, 0
2026/07/28 00:18:16.201, 17.83, 36, 9, 12288, 0
2026/07/28 00:18:17.240, 17.83, 36, 9, 12288, 0
2026/07/28 00:18:18.276, 18.12, 36, 9, 12288, 0
2026/07/28 00:18:19.313, 18.01, 36, 9, 12288, 0
2026/07/28 00:18:20.349, 18.03, 36, 9, 12288, 0
2026/07/28 00:18:21.386, 17.80, 36, 9, 12288, 0
2026/07/28 00:18:22.424, 17.65, 36, 9, 12288, 0
2026/07/28 00:18:23.460, 17.67, 36, 9, 12288, 0
2026/07/28 00:18:24.497, 17.79, 36, 9, 12288, 0
2026/07/28 00:18:25.534, 17.77, 36, 9, 12288, 0
2026/07/28 00:18:26.570, 17.66, 36, 9, 12288, 0
2026/07/28 00:18:27.606, 17.69, 36, 9, 12288, 0
2026/07/28 00:18:28.643, 17.97, 36, 9, 12288, 0
2026/07/28 00:18:29.679, 17.78, 36, 9, 12288, 0
2026/07/28 00:18:30.716, 17.81, 36, 9, 12288, 0
2026/07/28 00:18:31.753, 17.95, 36, 9, 12288, 0
2026/07/28 00:18:32.790, 17.62, 36, 9, 12288, 0
2026/07/28 00:18:33.827, 17.91, 36, 9, 12288, 0
2026/07/28 00:18:34.863, 17.63, 36, 9, 12288, 0
2026/07/28 00:18:35.899, 17.50, 36, 9, 12288, 0
2026/07/28 00:18:36.936, 17.93, 36, 9, 12288, 0
2026/07/28 00:18:37.974, 17.58, 36, 9, 12288, 0
2026/07/28 00:18:39.010, 17.61, 36, 9, 12288, 0
2026/07/28 00:18:40.047, 17.46, 36, 9, 12288, 0
2026/07/28 00:18:41.084, 17.61, 36, 9, 12288, 0
2026/07/28 00:18:42.121, 17.92, 36, 9, 12288, 0
2026/07/28 00:18:43.157, 17.84, 36, 9, 12288, 0
2026/07/28 00:18:44.194, 17.77, 36, 9, 12288, 0
2026/07/28 00:18:45.231, 17.71, 36, 9, 12288, 0
2026/07/28 00:18:46.268, 17.49, 36, 9, 12288, 0
2026/07/28 00:18:47.306, 17.82, 36, 9, 12288, 0
2026/07/28 00:18:48.342, 18.01, 36, 9, 12288, 0
2026/07/28 00:18:49.379, 17.71, 36, 9, 12288, 0
2026/07/28 00:18:50.416, 17.60, 36, 9, 12288, 0
2026/07/28 00:18:51.451, 17.73, 36, 9, 12288, 0
2026/07/28 00:18:52.487, 17.74, 36, 9, 12288, 0
2026/07/28 00:18:53.523, 17.69, 36, 9, 12288, 0
2026/07/28 00:18:54.559, 17.80, 36, 9, 12288, 0
2026/07/28 00:18:55.595, 17.95, 36, 9, 12288, 0
2026/07/28 00:18:56.632, 17.62, 36, 9, 12288, 0
2026/07/28 00:18:57.669, 17.80, 36, 9, 12288, 0
2026/07/28 00:18:58.706, 17.53, 36, 9, 12288, 0
2026/07/28 00:18:59.743, 17.87, 36, 9, 12288, 0
2026/07/28 00:19:00.781, 17.86, 36, 9, 12288, 0
2026/07/28 00:19:01.817, 17.67, 36, 9, 12288, 0
2026/07/28 00:19:02.855, 17.62, 36, 9, 12288, 0
2026/07/28 00:19:03.890, 17.58, 36, 9, 12288, 0
2026/07/28 00:19:04.926, 17.63, 36, 9, 12288, 0
2026/07/28 00:19:05.963, 17.38, 36, 9, 12288, 0
2026/07/28 00:19:07.000, 17.74, 36, 9, 12288, 0
2026/07/28 00:19:08.038, 17.63, 36, 9, 12288, 0
2026/07/28 00:19:09.075, 17.76, 36, 9, 12288, 0
2026/07/28 00:19:10.111, 17.73, 36, 9, 12288, 0
2026/07/28 00:19:11.147, 17.90, 36, 9, 12288, 0
2026/07/28 00:19:12.184, 17.48, 36, 9, 12288, 0
2026/07/28 00:19:13.222, 17.79, 36, 9, 12288, 0
2026/07/28 00:19:14.258, 17.66, 36, 9, 12288, 0
2026/07/28 00:19:15.295, 17.36, 36, 9, 12288, 0
2026/07/28 00:19:16.330, 17.35, 36, 9, 12288, 0
2026/07/28 00:19:17.367, 17.60, 36, 9, 12288, 0
2026/07/28 00:19:18.404, 17.57, 36, 9, 12288, 0
2026/07/28 00:19:19.441, 17.77, 36, 9, 12288, 0
2026/07/28 00:19:20.477, 17.75, 36, 9, 12288, 0
2026/07/28 00:19:21.515, 17.47, 36, 9, 12288, 0
2026/07/28 00:19:22.552, 17.63, 36, 9, 12288, 0
2026/07/28 00:19:23.589, 17.57, 36, 9, 12288, 0
2026/07/28 00:19:24.626, 17.70, 36, 9, 12288, 0
2026/07/28 00:19:25.662, 17.17, 36, 9, 12288, 0
2026/07/28 00:19:26.699, 17.61, 36, 9, 12288, 0
2026/07/28 00:19:27.735, 17.76, 36, 9, 12288, 0
2026/07/28 00:19:28.772, 17.90, 36, 9, 12288, 0
2026/07/28 00:19:29.809, 17.68, 36, 9, 12288, 0
2026/07/28 00:19:30.846, 17.63, 36, 9, 12288, 0
2026/07/28 00:19:31.883, 17.55, 36, 9, 12288, 0
2026/07/28 00:19:32.923, 17.41, 36, 9, 12288, 0
2026/07/28 00:19:33.960, 18.35, 36, 9, 12288, 0
2026/07/28 00:19:34.996, 18.09, 36, 9, 12288, 0
2026/07/28 00:19:36.034, 17.98, 36, 9, 12288, 0
2026/07/28 00:19:37.072, 18.30, 36, 9, 12288, 0
2026/07/28 00:19:38.109, 17.93, 36, 9, 12288, 0
2026/07/28 00:19:39.145, 17.77, 36, 9, 12288, 0
2026/07/28 00:19:40.182, 17.72, 36, 9, 12288, 0
2026/07/28 00:19:41.218, 17.69, 36, 9, 12288, 0
2026/07/28 00:19:42.256, 17.84, 36, 9, 12288, 0
2026/07/28 00:19:43.293, 18.02, 36, 9, 12288, 0
2026/07/28 00:19:44.329, 18.06, 36, 9, 12288, 0
2026/07/28 00:19:45.364, 17.87, 36, 9, 12288, 0
2026/07/28 00:19:46.401, 17.84, 36, 9, 12288, 0
2026/07/28 00:19:47.438, 17.79, 36, 9, 12288, 0
2026/07/28 00:19:48.473, 17.84, 36, 9, 12288, 0
2026/07/28 00:19:49.510, 18.08, 36, 9, 12288, 0
2026/07/28 00:19:50.547, 17.79, 36, 9, 12288, 0
2026/07/28 00:19:51.584, 17.62, 36, 9, 12288, 0
2026/07/28 00:19:52.621, 17.25, 36, 9, 12288, 0
2026/07/28 00:19:53.656, 17.51, 36, 9, 12288, 0
2026/07/28 00:19:54.694, 17.35, 36, 9, 12288, 0
2026/07/28 00:19:55.730, 17.34, 36, 9, 12288, 0
2026/07/28 00:19:56.767, 17.46, 36, 9, 12288, 0
2026/07/28 00:19:57.805, 17.60, 36, 9, 12288, 0
2026/07/28 00:19:58.841, 17.77, 36, 9, 12288, 0
2026/07/28 00:19:59.878, 17.69, 36, 9, 12288, 0
2026/07/28 00:20:00.915, 17.47, 36, 9, 12288, 0
2026/07/28 00:20:01.951, 17.54, 36, 9, 12288, 0
2026/07/28 00:20:02.988, 17.80, 36, 9, 12288, 0
2026/07/28 00:20:04.025, 17.72, 36, 9, 12288, 0
2026/07/28 00:20:05.062, 17.64, 36, 9, 12288, 0
2026/07/28 00:20:06.098, 17.51, 36, 9, 12288, 0
2026/07/28 00:20:07.135, 17.64, 36, 9, 12288, 0
2026/07/28 00:20:08.172, 17.64, 36, 9, 12288, 0
2026/07/28 00:20:09.208, 17.82, 36, 9, 12288, 0
2026/07/28 00:20:10.245, 17.69, 36, 9, 12288, 0
2026/07/28 00:20:11.281, 17.55, 36, 9, 12288, 0
2026/07/28 00:20:12.318, 17.69, 36, 9, 12288, 0
2026/07/28 00:20:13.354, 17.65, 36, 9, 12288, 0
2026/07/28 00:20:14.391, 17.73, 36, 9, 12288, 0
2026/07/28 00:20:15.428, 17.74, 36, 9, 12288, 0
2026/07/28 00:20:16.465, 17.41, 36, 9, 12288, 0
2026/07/28 00:20:17.502, 17.61, 36, 9, 12288, 0
2026/07/28 00:20:18.538, 17.60, 36, 9, 12288, 0
2026/07/28 00:20:19.575, 17.57, 36, 9, 12288, 0
2026/07/28 00:20:20.612, 17.74, 36, 9, 12288, 0
2026/07/28 00:20:21.649, 17.43, 36, 9, 12288, 0
2026/07/28 00:20:22.687, 17.40, 36, 9, 12288, 0
2026/07/28 00:20:23.722, 17.63, 36, 9, 12288, 0
2026/07/28 00:20:24.758, 17.55, 36, 9, 12288, 0
2026/07/28 00:20:25.794, 17.39, 36, 9, 12288, 0
2026/07/28 00:20:26.831, 17.55, 36, 9, 12288, 0
2026/07/28 00:20:27.867, 17.56, 36, 9, 12288, 0
2026/07/28 00:20:28.904, 17.66, 36, 9, 12288, 0
2026/07/28 00:20:29.940, 17.54, 36, 9, 12288, 0
2026/07/28 00:20:30.977, 17.42, 36, 9, 12288, 0
2026/07/28 00:20:32.015, 17.83, 36, 9, 12288, 0
2026/07/28 00:20:33.052, 17.69, 36, 9, 12288, 0
2026/07/28 00:20:34.089, 17.82, 36, 9, 12288, 0
2026/07/28 00:20:35.126, 17.69, 36, 9, 12288, 0
2026/07/28 00:20:36.162, 17.56, 36, 9, 12288, 0
2026/07/28 00:20:37.197, 17.46, 36, 9, 12288, 0
2026/07/28 00:20:38.233, 17.33, 36, 9, 12288, 0
2026/07/28 00:20:39.270, 17.56, 36, 9, 12288, 0
2026/07/28 00:20:40.306, 17.75, 36, 9, 12288, 0
2026/07/28 00:20:41.344, 17.78, 36, 9, 12288, 0
2026/07/28 00:20:42.380, 17.61, 36, 9, 12288, 0
2026/07/28 00:20:43.417, 17.51, 36, 9, 12288, 0
2026/07/28 00:20:44.454, 17.75, 36, 9, 12288, 0
2026/07/28 00:20:45.490, 17.79, 36, 9, 12288, 0
2026/07/28 00:20:46.527, 17.81, 36, 9, 12288, 0
2026/07/28 00:20:47.564, 17.57, 36, 9, 12288, 0
2026/07/28 00:20:48.602, 17.84, 36, 9, 12288, 0
2026/07/28 00:20:49.638, 17.92, 36, 9, 12288, 0
2026/07/28 00:20:50.674, 17.68, 36, 9, 12288, 0
2026/07/28 00:20:51.711, 17.77, 36, 9, 12288, 0
2026/07/28 00:20:52.747, 17.62, 36, 9, 12288, 0
2026/07/28 00:20:53.785, 17.62, 36, 9, 12288, 0
2026/07/28 00:20:54.822, 17.72, 36, 9, 12288, 0
2026/07/28 00:20:55.859, 17.56, 36, 9, 12288, 0
2026/07/28 00:20:56.895, 17.53, 36, 9, 12288, 0
2026/07/28 00:20:57.932, 17.63, 36, 9, 12288, 0
2026/07/28 00:20:58.969, 18.09, 36, 9, 12288, 0
2026/07/28 00:21:00.006, 18.13, 36, 9, 12288, 0
2026/07/28 00:21:01.043, 17.96, 36, 9, 12288, 0
2026/07/28 00:21:02.080, 17.66, 36, 9, 12288, 0
2026/07/28 00:21:03.117, 17.85, 36, 9, 12288, 0
2026/07/28 00:21:04.154, 18.03, 36, 9, 12288, 0
2026/07/28 00:21:05.190, 17.86, 36, 9, 12288, 0
2026/07/28 00:21:06.226, 18.08, 36, 9, 12288, 0
2026/07/28 00:21:07.263, 17.86, 36, 9, 12288, 0
2026/07/28 00:21:08.300, 18.12, 36, 9, 12288, 0
2026/07/28 00:21:09.337, 18.08, 36, 9, 12288, 0
2026/07/28 00:21:10.375, 17.60, 36, 9, 12288, 0
2026/07/28 00:21:11.411, 17.50, 36, 9, 12288, 0
2026/07/28 00:21:12.449, 17.56, 36, 9, 12288, 0
2026/07/28 00:21:13.486, 17.69, 36, 9, 12288, 0
2026/07/28 00:21:14.521, 17.59, 36, 9, 12288, 0
2026/07/28 00:21:15.558, 18.04, 36, 9, 12288, 0
2026/07/28 00:21:16.595, 17.33, 36, 9, 12288, 0
2026/07/28 00:21:17.633, 17.33, 36, 9, 12288, 0
2026/07/28 00:21:18.670, 17.56, 36, 9, 12288, 0
2026/07/28 00:21:19.706, 17.62, 36, 9, 12288, 0
2026/07/28 00:21:20.742, 17.36, 36, 9, 12288, 0
2026/07/28 00:21:21.779, 17.33, 36, 9, 12288, 0
2026/07/28 00:21:22.815, 17.48, 36, 9, 12288, 0
2026/07/28 00:21:23.854, 17.50, 36, 9, 12288, 0
2026/07/28 00:21:24.891, 17.46, 36, 9, 12288, 0
2026/07/28 00:21:25.928, 17.53, 36, 9, 12288, 0
2026/07/28 00:21:26.964, 17.29, 36, 9, 12288, 0
2026/07/28 00:21:28.001, 17.29, 36, 9, 12288, 0
2026/07/28 00:21:29.039, 17.49, 36, 9, 12288, 0
2026/07/28 00:21:30.075, 17.44, 36, 9, 12288, 0
2026/07/28 00:21:31.111, 17.63, 36, 9, 12288, 0
2026/07/28 00:21:32.147, 17.50, 36, 9, 12288, 0
2026/07/28 00:21:33.184, 18.04, 36, 9, 12288, 0
2026/07/28 00:21:34.221, 17.42, 36, 9, 12288, 0
2026/07/28 00:21:35.258, 17.28, 36, 9, 12288, 0
2026/07/28 00:21:36.294, 17.85, 36, 9, 12288, 0
2026/07/28 00:21:37.331, 17.60, 36, 9, 12288, 0
2026/07/28 00:21:38.368, 17.72, 36, 9, 12288, 0
2026/07/28 00:21:39.404, 17.52, 36, 9, 12288, 0
2026/07/28 00:21:40.441, 17.55, 36, 9, 12288, 0
2026/07/28 00:21:41.477, 17.38, 36, 9, 12288, 0
2026/07/28 00:21:42.514, 17.42, 36, 9, 12288, 0
2026/07/28 00:21:43.551, 17.80, 36, 9, 12288, 0
2026/07/28 00:21:44.587, 17.75, 36, 9, 12288, 0
2026/07/28 00:21:45.622, 17.47, 36, 9, 12288, 0
2026/07/28 00:21:46.658, 17.59, 36, 9, 12288, 0
2026/07/28 00:21:47.696, 17.32, 36, 9, 12288, 0
2026/07/28 00:21:48.733, 17.57, 36, 9, 12288, 0
2026/07/28 00:21:49.771, 17.52, 36, 9, 12288, 0
2026/07/28 00:21:50.807, 17.74, 36, 9, 12288, 0
2026/07/28 00:21:51.843, 17.57, 36, 9, 12288, 0
2026/07/28 00:21:52.881, 17.46, 36, 9, 12288, 0
2026/07/28 00:21:53.917, 17.48, 36, 9, 12288, 0
2026/07/28 00:21:54.955, 17.52, 36, 9, 12288, 0
2026/07/28 00:21:55.991, 17.57, 36, 9, 12288, 0
2026/07/28 00:21:57.028, 17.28, 36, 9, 12288, 0
2026/07/28 00:21:58.064, 17.42, 36, 9, 12288, 0
2026/07/28 00:21:59.101, 17.27, 36, 9, 12288, 0
2026/07/28 00:22:00.138, 17.87, 36, 9, 12288, 0
2026/07/28 00:22:01.175, 17.67, 36, 9, 12288, 0
2026/07/28 00:22:02.212, 17.66, 36, 9, 12288, 0
2026/07/28 00:22:03.249, 17.85, 36, 9, 12288, 0
2026/07/28 00:22:04.285, 17.93, 36, 9, 12288, 0
2026/07/28 00:22:05.322, 17.89, 36, 9, 12288, 0
2026/07/28 00:22:06.359, 17.64, 36, 9, 12288, 0
2026/07/28 00:22:07.396, 17.56, 36, 9, 12288, 0
2026/07/28 00:22:08.433, 17.66, 36, 9, 12288, 0
2026/07/28 00:22:09.470, 17.96, 36, 9, 12288, 0
2026/07/28 00:22:10.505, 17.87, 36, 9, 12288, 0
2026/07/28 00:22:11.542, 17.87, 36, 9, 12288, 0
2026/07/28 00:22:12.578, 17.87, 36, 9, 12288, 0
2026/07/28 00:22:13.617, 17.81, 36, 9, 12288, 0
2026/07/28 00:22:14.655, 17.78, 36, 9, 12288, 0
2026/07/28 00:22:15.692, 17.63, 36, 9, 12288, 0
2026/07/28 00:22:16.730, 17.59, 36, 9, 12288, 0
2026/07/28 00:22:17.768, 17.71, 36, 9, 12288, 0
2026/07/28 00:22:18.805, 17.62, 36, 9, 12288, 0
2026/07/28 00:22:19.842, 17.83, 36, 9, 12288, 0
2026/07/28 00:22:20.879, 17.55, 36, 9, 12288, 0
2026/07/28 00:22:21.917, 17.64, 36, 9, 12288, 0
2026/07/28 00:22:22.952, 17.84, 36, 9, 12288, 0
2026/07/28 00:22:23.988, 18.08, 36, 9, 12288, 0
2026/07/28 00:22:25.024, 17.86, 36, 9, 12288, 0
2026/07/28 00:22:26.060, 17.61, 36, 9, 12288, 0
2026/07/28 00:22:27.096, 17.64, 36, 9, 12288, 0
2026/07/28 00:22:28.134, 17.56, 36, 9, 12288, 0
2026/07/28 00:22:29.170, 17.83, 36, 9, 12288, 0
2026/07/28 00:22:30.205, 17.87, 36, 9, 12288, 0
2026/07/28 00:22:31.242, 17.86, 36, 9, 12288, 0
2026/07/28 00:22:32.278, 17.56, 36, 9, 12288, 0
2026/07/28 00:22:33.314, 17.45, 36, 9, 12288, 0
2026/07/28 00:22:34.351, 18.09, 36, 9, 12288, 0
2026/07/28 00:22:35.387, 17.51, 36, 9, 12288, 0
2026/07/28 00:22:36.424, 17.56, 36, 9, 12288, 0
2026/07/28 00:22:37.460, 17.87, 36, 9, 12288, 0
2026/07/28 00:22:38.497, 17.73, 36, 9, 12288, 0
2026/07/28 00:22:39.534, 17.55, 36, 9, 12288, 0
2026/07/28 00:22:40.571, 17.65, 36, 9, 12288, 0
2026/07/28 00:22:41.607, 17.75, 36, 9, 12288, 0
2026/07/28 00:22:42.644, 17.74, 36, 9, 12288, 0
2026/07/28 00:22:43.681, 17.67, 36, 9, 12288, 0
2026/07/28 00:22:44.719, 17.62, 36, 9, 12288, 0
2026/07/28 00:22:45.755, 17.77, 36, 9, 12288, 0
2026/07/28 00:22:46.792, 17.56, 36, 9, 12288, 0
2026/07/28 00:22:47.829, 17.53, 36, 9, 12288, 0
2026/07/28 00:22:48.866, 17.73, 36, 9, 12288, 0
2026/07/28 00:22:49.903, 17.52, 36, 9, 12288, 0
2026/07/28 00:22:50.941, 17.37, 36, 9, 12288, 0
2026/07/28 00:22:51.977, 17.84, 36, 9, 12288, 0
2026/07/28 00:22:53.015, 17.36, 36, 9, 12288, 0
2026/07/28 00:22:54.052, 17.46, 36, 9, 12288, 0
2026/07/28 00:22:55.089, 17.73, 36, 9, 12288, 0
2026/07/28 00:22:56.125, 17.30, 36, 9, 12288, 0
2026/07/28 00:22:57.163, 17.39, 36, 9, 12288, 0
2026/07/28 00:22:58.200, 17.59, 36, 9, 12288, 0
2026/07/28 00:22:59.237, 17.70, 36, 9, 12288, 0
2026/07/28 00:23:00.273, 17.71, 36, 9, 12288, 0
2026/07/28 00:23:01.310, 17.49, 36, 9, 12288, 0
2026/07/28 00:23:02.347, 17.60, 36, 9, 12288, 0
2026/07/28 00:23:03.385, 17.41, 36, 9, 12288, 0
2026/07/28 00:23:04.422, 17.33, 36, 9, 12288, 0
2026/07/28 00:23:05.458, 17.37, 36, 9, 12288, 0
2026/07/28 00:23:06.494, 17.50, 36, 9, 12288, 0
2026/07/28 00:23:07.530, 17.31, 36, 9, 12288, 0
2026/07/28 00:23:08.567, 17.30, 36, 9, 12288, 0
2026/07/28 00:23:09.603, 17.56, 36, 9, 12288, 0
2026/07/28 00:23:10.639, 17.48, 36, 9, 12288, 0
2026/07/28 00:23:11.676, 17.44, 36, 9, 12288, 0
2026/07/28 00:23:12.712, 17.79, 36, 9, 12288, 0
2026/07/28 00:23:13.749, 17.60, 36, 9, 12288, 0
2026/07/28 00:23:14.787, 17.49, 36, 9, 12288, 0
2026/07/28 00:23:15.824, 17.60, 36, 9, 12288, 0
2026/07/28 00:23:16.859, 17.57, 36, 9, 12288, 0
2026/07/28 00:23:17.895, 17.34, 36, 9, 12288, 0
2026/07/28 00:23:18.932, 17.41, 36, 9, 12288, 0
2026/07/28 00:23:19.970, 17.42, 36, 9, 12288, 0
2026/07/28 00:23:21.007, 17.51, 36, 9, 12288, 0
2026/07/28 00:23:22.043, 17.45, 36, 9, 12288, 0
2026/07/28 00:23:23.080, 17.44, 36, 9, 12288, 0
2026/07/28 00:23:24.117, 17.67, 36, 9, 12288, 0
2026/07/28 00:23:25.153, 17.41, 36, 9, 12288, 0
2026/07/28 00:23:26.191, 17.40, 36, 9, 12288, 0
2026/07/28 00:23:27.229, 17.51, 36, 9, 12288, 0
2026/07/28 00:23:28.266, 17.40, 36, 9, 12288, 0
2026/07/28 00:23:29.303, 17.43, 36, 9, 12288, 0
2026/07/28 00:23:30.340, 17.54, 36, 9, 12288, 0
2026/07/28 00:23:31.377, 17.75, 36, 9, 12288, 0
2026/07/28 00:23:32.415, 17.52, 36, 9, 12288, 0
2026/07/28 00:23:33.454, 17.44, 36, 9, 12288, 0
2026/07/28 00:23:34.491, 17.58, 36, 9, 12288, 0
2026/07/28 00:23:35.528, 17.58, 36, 9, 12288, 0
2026/07/28 00:23:36.565, 17.58, 36, 9, 12288, 0
2026/07/28 00:23:37.601, 17.43, 36, 9, 12288, 0
2026/07/28 00:23:38.638, 17.68, 36, 9, 12288, 0
2026/07/28 00:23:39.675, 17.44, 36, 9, 12288, 0
2026/07/28 00:23:40.712, 17.50, 36, 9, 12288, 0
2026/07/28 00:23:41.748, 17.58, 36, 9, 12288, 0
2026/07/28 00:23:42.786, 17.43, 36, 9, 12288, 0
2026/07/28 00:23:43.822, 17.60, 36, 9, 12288, 0
2026/07/28 00:23:44.858, 17.67, 36, 9, 12288, 0
2026/07/28 00:23:45.894, 17.66, 36, 9, 12288, 0
2026/07/28 00:23:46.930, 17.15, 36, 9, 12288, 0
2026/07/28 00:23:47.969, 17.80, 36, 9, 12288, 0
2026/07/28 00:23:49.005, 17.77, 36, 9, 12288, 0
2026/07/28 00:23:50.042, 17.89, 36, 9, 12288, 0
2026/07/28 00:23:51.078, 17.48, 36, 9, 12288, 0
2026/07/28 00:23:52.115, 17.55, 36, 9, 12288, 0
2026/07/28 00:23:53.153, 17.62, 36, 9, 12288, 0
2026/07/28 00:23:54.190, 17.64, 36, 9, 12288, 0
2026/07/28 00:23:55.226, 17.69, 36, 9, 12288, 0
2026/07/28 00:23:56.263, 17.63, 36, 9, 12288, 0
2026/07/28 00:23:57.299, 17.62, 36, 9, 12288, 0
2026/07/28 00:23:58.336, 17.71, 36, 9, 12288, 0
2026/07/28 00:23:59.373, 17.49, 36, 9, 12288, 0
2026/07/28 00:24:00.410, 17.85, 36, 9, 12288, 0
2026/07/28 00:24:01.448, 17.82, 36, 9, 12288, 0
2026/07/28 00:24:02.485, 17.47, 36, 9, 12288, 0
2026/07/28 00:24:03.521, 17.43, 36, 9, 12288, 0
2026/07/28 00:24:04.558, 17.66, 36, 9, 12288, 0
2026/07/28 00:24:05.595, 17.54, 36, 9, 12288, 0
2026/07/28 00:24:06.632, 17.49, 36, 9, 12288, 0
2026/07/28 00:24:07.669, 17.21, 36, 9, 12288, 0
2026/07/28 00:24:08.706, 17.34, 36, 9, 12288, 0
2026/07/28 00:24:09.742, 17.31, 36, 9, 12288, 0
2026/07/28 00:24:10.778, 17.14, 36, 9, 12288, 0
2026/07/28 00:24:11.815, 17.03, 36, 9, 12288, 0
2026/07/28 00:24:12.852, 17.32, 36, 9, 12288, 0
2026/07/28 00:24:13.887, 17.13, 36, 9, 12288, 0
2026/07/28 00:24:14.923, 17.11, 36, 9, 12288, 0
2026/07/28 00:24:15.960, 17.00, 36, 9, 12288, 0
2026/07/28 00:24:16.997, 17.33, 36, 9, 12288, 0
2026/07/28 00:24:18.033, 17.12, 36, 9, 12288, 0
2026/07/28 00:24:19.069, 17.12, 36, 9, 12288, 0
2026/07/28 00:24:20.105, 17.18, 36, 9, 12288, 0
2026/07/28 00:24:21.141, 16.98, 36, 9, 12288, 0
2026/07/28 00:24:22.178, 17.57, 36, 9, 12288, 0
2026/07/28 00:24:23.215, 17.20, 36, 9, 12288, 0
2026/07/28 00:24:24.252, 17.63, 36, 9, 12288, 0
2026/07/28 00:24:25.288, 17.16, 36, 9, 12288, 0
2026/07/28 00:24:26.324, 17.39, 36, 9, 12288, 0
2026/07/28 00:24:27.360, 17.38, 36, 9, 12288, 0
2026/07/28 00:24:28.397, 17.45, 36, 9, 12288, 0
2026/07/28 00:24:29.434, 17.35, 36, 9, 12288, 0
2026/07/28 00:24:30.471, 17.31, 36, 9, 12288, 0
2026/07/28 00:24:31.507, 17.23, 36, 9, 12288, 0
2026/07/28 00:24:32.544, 17.17, 36, 9, 12288, 0
2026/07/28 00:24:33.580, 17.11, 36, 9, 12288, 0
2026/07/28 00:24:34.617, 17.49, 36, 9, 12288, 0
2026/07/28 00:24:35.653, 17.31, 36, 9, 12288, 0
2026/07/28 00:24:36.690, 17.73, 36, 9, 12288, 0
2026/07/28 00:24:37.728, 17.64, 36, 9, 12288, 0
2026/07/28 00:24:38.764, 17.52, 36, 9, 12288, 0
2026/07/28 00:24:39.801, 17.76, 36, 9, 12288, 0
2026/07/28 00:24:40.838, 17.77, 36, 9, 12288, 0
2026/07/28 00:24:41.875, 17.55, 36, 9, 12288, 0
2026/07/28 00:24:42.911, 17.40, 36, 9, 12288, 0
2026/07/28 00:24:43.948, 17.51, 36, 9, 12288, 0
2026/07/28 00:24:44.986, 17.51, 36, 9, 12288, 0
2026/07/28 00:24:46.022, 17.49, 36, 9, 12288, 0
2026/07/28 00:24:47.059, 17.72, 36, 9, 12288, 0
2026/07/28 00:24:48.095, 17.46, 36, 9, 12288, 0
2026/07/28 00:24:49.132, 17.33, 36, 9, 12288, 0
2026/07/28 00:24:50.169, 17.48, 36, 9, 12288, 0
2026/07/28 00:24:51.206, 17.68, 36, 9, 12288, 0
2026/07/28 00:24:52.243, 17.32, 36, 9, 12288, 0
2026/07/28 00:24:53.280, 17.58, 36, 9, 12288, 0
2026/07/28 00:24:54.318, 17.62, 36, 9, 12288, 0
2026/07/28 00:24:55.356, 17.41, 36, 9, 12288, 0
2026/07/28 00:24:56.393, 17.61, 36, 9, 12288, 0
2026/07/28 00:24:57.430, 17.57, 36, 9, 12288, 0
2026/07/28 00:24:58.467, 17.63, 36, 9, 12288, 0
2026/07/28 00:24:59.504, 17.79, 36, 9, 12288, 0
2026/07/28 00:25:00.540, 17.71, 36, 9, 12288, 0
2026/07/28 00:25:01.577, 17.56, 36, 9, 12288, 0
2026/07/28 00:25:02.613, 17.61, 36, 9, 12288, 0
2026/07/28 00:25:03.649, 17.98, 36, 9, 12288, 0
2026/07/28 00:25:04.685, 17.90, 36, 9, 12288, 0
2026/07/28 00:25:05.722, 17.84, 36, 9, 12288, 0
2026/07/28 00:25:06.759, 17.52, 36, 9, 12288, 0
2026/07/28 00:25:07.796, 17.72, 36, 9, 12288, 0
2026/07/28 00:25:08.833, 18.12, 36, 9, 12288, 0
2026/07/28 00:25:09.869, 18.04, 36, 9, 12288, 0
2026/07/28 00:25:10.906, 18.20, 36, 9, 12288, 0
2026/07/28 00:25:11.942, 17.83, 36, 9, 12288, 0
2026/07/28 00:25:12.980, 17.89, 36, 9, 12288, 0
2026/07/28 00:25:14.018, 17.48, 36, 9, 12288, 0
2026/07/28 00:25:15.056, 17.94, 36, 9, 12288, 0
2026/07/28 00:25:16.093, 18.02, 36, 9, 12288, 0
2026/07/28 00:25:17.131, 17.62, 36, 9, 12288, 0
2026/07/28 00:25:18.168, 17.13, 36, 9, 12288, 0
2026/07/28 00:25:19.205, 17.68, 36, 9, 12288, 0
2026/07/28 00:25:20.242, 17.97, 36, 9, 12288, 0
2026/07/28 00:25:21.279, 17.35, 36, 9, 12288, 0
2026/07/28 00:25:22.316, 17.57, 36, 9, 12288, 0
2026/07/28 00:25:23.352, 17.51, 36, 9, 12288, 0
2026/07/28 00:25:24.388, 17.36, 36, 9, 12288, 0
2026/07/28 00:25:25.424, 17.75, 36, 9, 12288, 0
2026/07/28 00:25:26.461, 17.67, 36, 9, 12288, 0
2026/07/28 00:25:27.499, 17.64, 36, 9, 12288, 0
2026/07/28 00:25:28.535, 17.40, 36, 9, 12288, 0
2026/07/28 00:25:29.571, 17.58, 36, 9, 12288, 0
2026/07/28 00:25:30.607, 17.57, 36, 9, 12288, 0
2026/07/28 00:25:31.644, 17.59, 36, 9, 12288, 0
2026/07/28 00:25:32.681, 17.67, 36, 9, 12288, 0
2026/07/28 00:25:33.718, 17.62, 36, 9, 12288, 0
2026/07/28 00:25:34.756, 17.60, 36, 9, 12288, 0
